--------------------------------------------------------
--  파일이 생성됨 - 월요일-12월-23-2019   
--------------------------------------------------------
DROP SEQUENCE "MOVIEFACTORY"."ADMINASK_SEQ";
DROP SEQUENCE "MOVIEFACTORY"."COLL_LIKE_SEQ";
DROP SEQUENCE "MOVIEFACTORY"."COLL_SEQ";
DROP SEQUENCE "MOVIEFACTORY"."M_REV_COMN_SEQ";
DROP SEQUENCE "MOVIEFACTORY"."M_REV_SEQ";
DROP SEQUENCE "MOVIEFACTORY"."NOTICE_SEQ";
DROP TABLE "MOVIEFACTORY"."ADDRBOOK" cascade constraints;
DROP TABLE "MOVIEFACTORY"."ADMINASK" cascade constraints;
DROP TABLE "MOVIEFACTORY"."ADMINASKSTATE" cascade constraints;
DROP TABLE "MOVIEFACTORY"."ANSW_STATE_CATE" cascade constraints;
DROP TABLE "MOVIEFACTORY"."AUTHORITIES" cascade constraints;
DROP TABLE "MOVIEFACTORY"."COLL" cascade constraints;
DROP TABLE "MOVIEFACTORY"."COLL_DETAIL" cascade constraints;
DROP TABLE "MOVIEFACTORY"."COLL_LIKE" cascade constraints;
DROP TABLE "MOVIEFACTORY"."FAV_M" cascade constraints;
DROP TABLE "MOVIEFACTORY"."FAV_M_DETAIL" cascade constraints;
DROP TABLE "MOVIEFACTORY"."FOLLOW" cascade constraints;
DROP TABLE "MOVIEFACTORY"."MEMBER" cascade constraints;
DROP TABLE "MOVIEFACTORY"."M_CMNT" cascade constraints;
DROP TABLE "MOVIEFACTORY"."M_CMNT_LIKE" cascade constraints;
DROP TABLE "MOVIEFACTORY"."M_CMNT_REP" cascade constraints;
DROP TABLE "MOVIEFACTORY"."M_REP_CATE" cascade constraints;
DROP TABLE "MOVIEFACTORY"."M_REV" cascade constraints;
DROP TABLE "MOVIEFACTORY"."M_REV_LIKE" cascade constraints;
DROP TABLE "MOVIEFACTORY"."M_REV_REP" cascade constraints;
DROP TABLE "MOVIEFACTORY"."NOTICE" cascade constraints;
--------------------------------------------------------
--  DDL for Sequence ADMINASK_SEQ
--------------------------------------------------------

   CREATE SEQUENCE  "MOVIEFACTORY"."ADMINASK_SEQ"  MINVALUE 0 MAXVALUE 9999999999999999999999999999 INCREMENT BY 1 START WITH 60 CACHE 20 NOORDER  NOCYCLE ;
--------------------------------------------------------
--  DDL for Sequence COLL_LIKE_SEQ
--------------------------------------------------------

   CREATE SEQUENCE  "MOVIEFACTORY"."COLL_LIKE_SEQ"  MINVALUE 0 MAXVALUE 9999999999999999999999999999 INCREMENT BY 1 START WITH 40 CACHE 20 NOORDER  NOCYCLE ;
--------------------------------------------------------
--  DDL for Sequence COLL_SEQ
--------------------------------------------------------

   CREATE SEQUENCE  "MOVIEFACTORY"."COLL_SEQ"  MINVALUE 0 MAXVALUE 9999999999999999999999999999 INCREMENT BY 1 START WITH 80 CACHE 20 NOORDER  NOCYCLE ;
--------------------------------------------------------
--  DDL for Sequence M_REV_COMN_SEQ
--------------------------------------------------------

   CREATE SEQUENCE  "MOVIEFACTORY"."M_REV_COMN_SEQ"  MINVALUE 0 MAXVALUE 9999999999999999999999999999 INCREMENT BY 1 START WITH 80 CACHE 20 NOORDER  NOCYCLE ;
--------------------------------------------------------
--  DDL for Sequence M_REV_SEQ
--------------------------------------------------------

   CREATE SEQUENCE  "MOVIEFACTORY"."M_REV_SEQ"  MINVALUE 0 MAXVALUE 9999999999999999999999999999 INCREMENT BY 1 START WITH 80 CACHE 20 NOORDER  NOCYCLE ;
--------------------------------------------------------
--  DDL for Sequence NOTICE_SEQ
--------------------------------------------------------

   CREATE SEQUENCE  "MOVIEFACTORY"."NOTICE_SEQ"  MINVALUE 0 MAXVALUE 9999999999999999999999999999 INCREMENT BY 1 START WITH 40 CACHE 20 NOORDER  NOCYCLE ;
--------------------------------------------------------
--  DDL for Table ADDRBOOK
--------------------------------------------------------

  CREATE TABLE "MOVIEFACTORY"."ADDRBOOK" 
   (	"ADDRBOOK_NO" NUMBER(20,0), 
	"USERNAME" VARCHAR2(20 BYTE), 
	"ADDR" VARCHAR2(300 BYTE), 
	"NAME" VARCHAR2(20 BYTE), 
	"ZIP_CODE" CHAR(5 BYTE), 
	"TEL" CHAR(11 BYTE), 
	"IS_BASE_ADDR" NUMBER(1,0), 
	"ADDR_NAME" VARCHAR2(30 BYTE)
   ) SEGMENT CREATION IMMEDIATE 
  PCTFREE 10 PCTUSED 40 INITRANS 1 MAXTRANS 255 NOCOMPRESS LOGGING
  STORAGE(INITIAL 65536 NEXT 1048576 MINEXTENTS 1 MAXEXTENTS 2147483645
  PCTINCREASE 0 FREELISTS 1 FREELIST GROUPS 1 BUFFER_POOL DEFAULT FLASH_CACHE DEFAULT CELL_FLASH_CACHE DEFAULT)
  TABLESPACE "SYSTEM" ;
--------------------------------------------------------
--  DDL for Table ADMINASK
--------------------------------------------------------

  CREATE TABLE "MOVIEFACTORY"."ADMINASK" 
   (	"ADMIN_ASK_NO" NUMBER(20,0), 
	"USERNAME" VARCHAR2(20 BYTE), 
	"TITLE" VARCHAR2(150 BYTE), 
	"CONTENT" CLOB, 
	"WRITING_DATE" DATE, 
	"ASK_ANSWER" CLOB, 
	"ASK_STATE_CONTENT" VARCHAR2(30 BYTE)
   ) SEGMENT CREATION IMMEDIATE 
  PCTFREE 10 PCTUSED 40 INITRANS 1 MAXTRANS 255 NOCOMPRESS LOGGING
  STORAGE(INITIAL 65536 NEXT 1048576 MINEXTENTS 1 MAXEXTENTS 2147483645
  PCTINCREASE 0 FREELISTS 1 FREELIST GROUPS 1 BUFFER_POOL DEFAULT FLASH_CACHE DEFAULT CELL_FLASH_CACHE DEFAULT)
  TABLESPACE "SYSTEM" 
 LOB ("CONTENT") STORE AS BASICFILE (
  TABLESPACE "SYSTEM" ENABLE STORAGE IN ROW CHUNK 8192 RETENTION 
  NOCACHE LOGGING 
  STORAGE(INITIAL 65536 NEXT 1048576 MINEXTENTS 1 MAXEXTENTS 2147483645
  PCTINCREASE 0 FREELISTS 1 FREELIST GROUPS 1 BUFFER_POOL DEFAULT FLASH_CACHE DEFAULT CELL_FLASH_CACHE DEFAULT)) 
 LOB ("ASK_ANSWER") STORE AS BASICFILE (
  TABLESPACE "SYSTEM" ENABLE STORAGE IN ROW CHUNK 8192 RETENTION 
  NOCACHE LOGGING 
  STORAGE(INITIAL 65536 NEXT 1048576 MINEXTENTS 1 MAXEXTENTS 2147483645
  PCTINCREASE 0 FREELISTS 1 FREELIST GROUPS 1 BUFFER_POOL DEFAULT FLASH_CACHE DEFAULT CELL_FLASH_CACHE DEFAULT)) ;
--------------------------------------------------------
--  DDL for Table ADMINASKSTATE
--------------------------------------------------------

  CREATE TABLE "MOVIEFACTORY"."ADMINASKSTATE" 
   (	"ASK_STATE_CONTENT" VARCHAR2(30 BYTE)
   ) SEGMENT CREATION IMMEDIATE 
  PCTFREE 10 PCTUSED 40 INITRANS 1 MAXTRANS 255 NOCOMPRESS LOGGING
  STORAGE(INITIAL 65536 NEXT 1048576 MINEXTENTS 1 MAXEXTENTS 2147483645
  PCTINCREASE 0 FREELISTS 1 FREELIST GROUPS 1 BUFFER_POOL DEFAULT FLASH_CACHE DEFAULT CELL_FLASH_CACHE DEFAULT)
  TABLESPACE "SYSTEM" ;
--------------------------------------------------------
--  DDL for Table ANSW_STATE_CATE
--------------------------------------------------------

  CREATE TABLE "MOVIEFACTORY"."ANSW_STATE_CATE" 
   (	"ANSWER_STATE" VARCHAR2(30 BYTE)
   ) SEGMENT CREATION IMMEDIATE 
  PCTFREE 10 PCTUSED 40 INITRANS 1 MAXTRANS 255 NOCOMPRESS LOGGING
  STORAGE(INITIAL 65536 NEXT 1048576 MINEXTENTS 1 MAXEXTENTS 2147483645
  PCTINCREASE 0 FREELISTS 1 FREELIST GROUPS 1 BUFFER_POOL DEFAULT FLASH_CACHE DEFAULT CELL_FLASH_CACHE DEFAULT)
  TABLESPACE "SYSTEM" ;
--------------------------------------------------------
--  DDL for Table AUTHORITIES
--------------------------------------------------------

  CREATE TABLE "MOVIEFACTORY"."AUTHORITIES" 
   (	"USERNAME" VARCHAR2(20 BYTE), 
	"AUTHORITY" VARCHAR2(20 BYTE)
   ) SEGMENT CREATION IMMEDIATE 
  PCTFREE 10 PCTUSED 40 INITRANS 1 MAXTRANS 255 NOCOMPRESS LOGGING
  STORAGE(INITIAL 65536 NEXT 1048576 MINEXTENTS 1 MAXEXTENTS 2147483645
  PCTINCREASE 0 FREELISTS 1 FREELIST GROUPS 1 BUFFER_POOL DEFAULT FLASH_CACHE DEFAULT CELL_FLASH_CACHE DEFAULT)
  TABLESPACE "SYSTEM" ;
--------------------------------------------------------
--  DDL for Table COLL
--------------------------------------------------------

  CREATE TABLE "MOVIEFACTORY"."COLL" 
   (	"COLL_NO" NUMBER(20,0), 
	"COLL_NAME" VARCHAR2(150 BYTE), 
	"USERNAME" VARCHAR2(20 BYTE), 
	"WRITING_DATE" DATE, 
	"COLL_INTRO" CLOB, 
	"COLL_LIKE_CNT" NUMBER(20,0)
   ) SEGMENT CREATION IMMEDIATE 
  PCTFREE 10 PCTUSED 40 INITRANS 1 MAXTRANS 255 NOCOMPRESS LOGGING
  STORAGE(INITIAL 65536 NEXT 1048576 MINEXTENTS 1 MAXEXTENTS 2147483645
  PCTINCREASE 0 FREELISTS 1 FREELIST GROUPS 1 BUFFER_POOL DEFAULT FLASH_CACHE DEFAULT CELL_FLASH_CACHE DEFAULT)
  TABLESPACE "SYSTEM" 
 LOB ("COLL_INTRO") STORE AS BASICFILE (
  TABLESPACE "SYSTEM" ENABLE STORAGE IN ROW CHUNK 8192 RETENTION 
  NOCACHE LOGGING 
  STORAGE(INITIAL 65536 NEXT 1048576 MINEXTENTS 1 MAXEXTENTS 2147483645
  PCTINCREASE 0 FREELISTS 1 FREELIST GROUPS 1 BUFFER_POOL DEFAULT FLASH_CACHE DEFAULT CELL_FLASH_CACHE DEFAULT)) ;
--------------------------------------------------------
--  DDL for Table COLL_DETAIL
--------------------------------------------------------

  CREATE TABLE "MOVIEFACTORY"."COLL_DETAIL" 
   (	"M_NO" NUMBER(20,0), 
	"COLL_NO" NUMBER(20,0), 
	"REG_DATE" DATE
   ) SEGMENT CREATION IMMEDIATE 
  PCTFREE 10 PCTUSED 40 INITRANS 1 MAXTRANS 255 NOCOMPRESS LOGGING
  STORAGE(INITIAL 65536 NEXT 1048576 MINEXTENTS 1 MAXEXTENTS 2147483645
  PCTINCREASE 0 FREELISTS 1 FREELIST GROUPS 1 BUFFER_POOL DEFAULT FLASH_CACHE DEFAULT CELL_FLASH_CACHE DEFAULT)
  TABLESPACE "SYSTEM" ;
--------------------------------------------------------
--  DDL for Table COLL_LIKE
--------------------------------------------------------

  CREATE TABLE "MOVIEFACTORY"."COLL_LIKE" 
   (	"COLL_LIKE_NO" NUMBER(20,0), 
	"COLL_NO" NUMBER(20,0), 
	"USERNAME" VARCHAR2(20 BYTE), 
	"LIKE_REG_DATE" DATE, 
	"COLL_LIKE_CNT" NUMBER(20,0)
   ) SEGMENT CREATION IMMEDIATE 
  PCTFREE 10 PCTUSED 40 INITRANS 1 MAXTRANS 255 NOCOMPRESS LOGGING
  STORAGE(INITIAL 65536 NEXT 1048576 MINEXTENTS 1 MAXEXTENTS 2147483645
  PCTINCREASE 0 FREELISTS 1 FREELIST GROUPS 1 BUFFER_POOL DEFAULT FLASH_CACHE DEFAULT CELL_FLASH_CACHE DEFAULT)
  TABLESPACE "SYSTEM" ;
--------------------------------------------------------
--  DDL for Table FAV_M
--------------------------------------------------------

  CREATE TABLE "MOVIEFACTORY"."FAV_M" 
   (	"M_NO" NUMBER(20,0), 
	"USERNAME" VARCHAR2(20 BYTE), 
	"WRITING_DATE" DATE
   ) SEGMENT CREATION IMMEDIATE 
  PCTFREE 10 PCTUSED 40 INITRANS 1 MAXTRANS 255 NOCOMPRESS LOGGING
  STORAGE(INITIAL 65536 NEXT 1048576 MINEXTENTS 1 MAXEXTENTS 2147483645
  PCTINCREASE 0 FREELISTS 1 FREELIST GROUPS 1 BUFFER_POOL DEFAULT FLASH_CACHE DEFAULT CELL_FLASH_CACHE DEFAULT)
  TABLESPACE "SYSTEM" ;
--------------------------------------------------------
--  DDL for Table FAV_M_DETAIL
--------------------------------------------------------

  CREATE TABLE "MOVIEFACTORY"."FAV_M_DETAIL" 
   (	"M_NO" NUMBER(20,0), 
	"M_LIKE_NO" NUMBER(20,0), 
	"WRITING_DATE" DATE
   ) SEGMENT CREATION IMMEDIATE 
  PCTFREE 10 PCTUSED 40 INITRANS 1 MAXTRANS 255 NOCOMPRESS LOGGING
  STORAGE(INITIAL 65536 NEXT 1048576 MINEXTENTS 1 MAXEXTENTS 2147483645
  PCTINCREASE 0 FREELISTS 1 FREELIST GROUPS 1 BUFFER_POOL DEFAULT FLASH_CACHE DEFAULT CELL_FLASH_CACHE DEFAULT)
  TABLESPACE "SYSTEM" ;
--------------------------------------------------------
--  DDL for Table FOLLOW
--------------------------------------------------------

  CREATE TABLE "MOVIEFACTORY"."FOLLOW" 
   (	"FOLLOWER_USERNAME" VARCHAR2(20 BYTE), 
	"FOLLOWING_USERNAME" VARCHAR2(20 BYTE)
   ) SEGMENT CREATION IMMEDIATE 
  PCTFREE 10 PCTUSED 40 INITRANS 1 MAXTRANS 255 NOCOMPRESS LOGGING
  STORAGE(INITIAL 65536 NEXT 1048576 MINEXTENTS 1 MAXEXTENTS 2147483645
  PCTINCREASE 0 FREELISTS 1 FREELIST GROUPS 1 BUFFER_POOL DEFAULT FLASH_CACHE DEFAULT CELL_FLASH_CACHE DEFAULT)
  TABLESPACE "SYSTEM" ;
--------------------------------------------------------
--  DDL for Table MEMBER
--------------------------------------------------------

  CREATE TABLE "MOVIEFACTORY"."MEMBER" 
   (	"USERNAME" VARCHAR2(20 BYTE), 
	"PASSWORD" VARCHAR2(60 BYTE), 
	"NAME" VARCHAR2(20 BYTE), 
	"NICK" VARCHAR2(30 BYTE), 
	"EMAIL" VARCHAR2(30 BYTE), 
	"BASE_ADDR" VARCHAR2(300 BYTE), 
	"ZIP_CODE" CHAR(5 BYTE), 
	"TEL" CHAR(11 BYTE), 
	"PHOTO" CLOB, 
	"BIRTH" NUMBER(6,0), 
	"GENDER" NUMBER(1,0), 
	"BLIND_CNT" NUMBER(2,0), 
	"ENABLED" NUMBER(1,0), 
	"REG_DATE" DATE, 
	"INTRO" CLOB, 
	"LAST_LOGIN_DATE" DATE, 
	"RECENT_LOGIN_DATE" DATE, 
	"LOGIN_FAILURE_CNT" NUMBER(1,0), 
	"IS_RESIGN" NUMBER(1,0), 
	"BLOCK_DATE" DATE
   ) SEGMENT CREATION IMMEDIATE 
  PCTFREE 10 PCTUSED 40 INITRANS 1 MAXTRANS 255 NOCOMPRESS LOGGING
  STORAGE(INITIAL 65536 NEXT 1048576 MINEXTENTS 1 MAXEXTENTS 2147483645
  PCTINCREASE 0 FREELISTS 1 FREELIST GROUPS 1 BUFFER_POOL DEFAULT FLASH_CACHE DEFAULT CELL_FLASH_CACHE DEFAULT)
  TABLESPACE "SYSTEM" 
 LOB ("PHOTO") STORE AS BASICFILE (
  TABLESPACE "SYSTEM" ENABLE STORAGE IN ROW CHUNK 8192 RETENTION 
  NOCACHE LOGGING 
  STORAGE(INITIAL 65536 NEXT 1048576 MINEXTENTS 1 MAXEXTENTS 2147483645
  PCTINCREASE 0 FREELISTS 1 FREELIST GROUPS 1 BUFFER_POOL DEFAULT FLASH_CACHE DEFAULT CELL_FLASH_CACHE DEFAULT)) 
 LOB ("INTRO") STORE AS BASICFILE (
  TABLESPACE "SYSTEM" ENABLE STORAGE IN ROW CHUNK 8192 RETENTION 
  NOCACHE LOGGING 
  STORAGE(INITIAL 65536 NEXT 1048576 MINEXTENTS 1 MAXEXTENTS 2147483645
  PCTINCREASE 0 FREELISTS 1 FREELIST GROUPS 1 BUFFER_POOL DEFAULT FLASH_CACHE DEFAULT CELL_FLASH_CACHE DEFAULT)) ;
--------------------------------------------------------
--  DDL for Table M_CMNT
--------------------------------------------------------

  CREATE TABLE "MOVIEFACTORY"."M_CMNT" 
   (	"M_REV_CMNT_NO" NUMBER(20,0), 
	"M_REV_NO" NUMBER(20,0), 
	"USERNAME" VARCHAR2(20 BYTE), 
	"CONTENT" CLOB, 
	"IS_BLIND" NUMBER(1,0), 
	"WRITING_DATE" DATE, 
	"CMNT_LIKE_CNT" NUMBER(7,0), 
	"CMNT_REP_CNT" NUMBER(7,0)
   ) SEGMENT CREATION IMMEDIATE 
  PCTFREE 10 PCTUSED 40 INITRANS 1 MAXTRANS 255 NOCOMPRESS LOGGING
  STORAGE(INITIAL 65536 NEXT 1048576 MINEXTENTS 1 MAXEXTENTS 2147483645
  PCTINCREASE 0 FREELISTS 1 FREELIST GROUPS 1 BUFFER_POOL DEFAULT FLASH_CACHE DEFAULT CELL_FLASH_CACHE DEFAULT)
  TABLESPACE "SYSTEM" 
 LOB ("CONTENT") STORE AS BASICFILE (
  TABLESPACE "SYSTEM" ENABLE STORAGE IN ROW CHUNK 8192 RETENTION 
  NOCACHE LOGGING 
  STORAGE(INITIAL 65536 NEXT 1048576 MINEXTENTS 1 MAXEXTENTS 2147483645
  PCTINCREASE 0 FREELISTS 1 FREELIST GROUPS 1 BUFFER_POOL DEFAULT FLASH_CACHE DEFAULT CELL_FLASH_CACHE DEFAULT)) ;
--------------------------------------------------------
--  DDL for Table M_CMNT_LIKE
--------------------------------------------------------

  CREATE TABLE "MOVIEFACTORY"."M_CMNT_LIKE" 
   (	"M_REV_CMNT_NO" NUMBER(20,0), 
	"USERNAME" VARCHAR2(20 BYTE), 
	"LIKE_REG_DATE" DATE
   ) SEGMENT CREATION IMMEDIATE 
  PCTFREE 10 PCTUSED 40 INITRANS 1 MAXTRANS 255 NOCOMPRESS LOGGING
  STORAGE(INITIAL 65536 NEXT 1048576 MINEXTENTS 1 MAXEXTENTS 2147483645
  PCTINCREASE 0 FREELISTS 1 FREELIST GROUPS 1 BUFFER_POOL DEFAULT FLASH_CACHE DEFAULT CELL_FLASH_CACHE DEFAULT)
  TABLESPACE "SYSTEM" ;
--------------------------------------------------------
--  DDL for Table M_CMNT_REP
--------------------------------------------------------

  CREATE TABLE "MOVIEFACTORY"."M_CMNT_REP" 
   (	"M_REV_CMNT_NO" NUMBER(20,0), 
	"USERNAME" VARCHAR2(20 BYTE), 
	"TITLE" VARCHAR2(150 BYTE), 
	"CONTENT" CLOB, 
	"WRITING_DATE" DATE, 
	"M_REP_CATE" VARCHAR2(30 BYTE)
   ) SEGMENT CREATION IMMEDIATE 
  PCTFREE 10 PCTUSED 40 INITRANS 1 MAXTRANS 255 NOCOMPRESS LOGGING
  STORAGE(INITIAL 65536 NEXT 1048576 MINEXTENTS 1 MAXEXTENTS 2147483645
  PCTINCREASE 0 FREELISTS 1 FREELIST GROUPS 1 BUFFER_POOL DEFAULT FLASH_CACHE DEFAULT CELL_FLASH_CACHE DEFAULT)
  TABLESPACE "SYSTEM" 
 LOB ("CONTENT") STORE AS BASICFILE (
  TABLESPACE "SYSTEM" ENABLE STORAGE IN ROW CHUNK 8192 RETENTION 
  NOCACHE LOGGING 
  STORAGE(INITIAL 65536 NEXT 1048576 MINEXTENTS 1 MAXEXTENTS 2147483645
  PCTINCREASE 0 FREELISTS 1 FREELIST GROUPS 1 BUFFER_POOL DEFAULT FLASH_CACHE DEFAULT CELL_FLASH_CACHE DEFAULT)) ;
--------------------------------------------------------
--  DDL for Table M_REP_CATE
--------------------------------------------------------

  CREATE TABLE "MOVIEFACTORY"."M_REP_CATE" 
   (	"M_REP_CATE" VARCHAR2(30 BYTE)
   ) SEGMENT CREATION IMMEDIATE 
  PCTFREE 10 PCTUSED 40 INITRANS 1 MAXTRANS 255 NOCOMPRESS LOGGING
  STORAGE(INITIAL 65536 NEXT 1048576 MINEXTENTS 1 MAXEXTENTS 2147483645
  PCTINCREASE 0 FREELISTS 1 FREELIST GROUPS 1 BUFFER_POOL DEFAULT FLASH_CACHE DEFAULT CELL_FLASH_CACHE DEFAULT)
  TABLESPACE "SYSTEM" ;
--------------------------------------------------------
--  DDL for Table M_REV
--------------------------------------------------------

  CREATE TABLE "MOVIEFACTORY"."M_REV" 
   (	"M_REV_NO" NUMBER(20,0), 
	"USERNAME" VARCHAR2(20 BYTE), 
	"M_NO" NUMBER(20,0), 
	"RATING" NUMBER(2,0), 
	"M_REV_CONTENT" CLOB, 
	"IS_SPO" NUMBER(1,0), 
	"WRITING_DATE" DATE, 
	"GENRE" VARCHAR2(30 BYTE), 
	"IS_BLIND" NUMBER(1,0), 
	"LIKE_CNT" NUMBER(7,0), 
	"REP_CNT" NUMBER(7,0)
   ) SEGMENT CREATION IMMEDIATE 
  PCTFREE 10 PCTUSED 40 INITRANS 1 MAXTRANS 255 NOCOMPRESS LOGGING
  STORAGE(INITIAL 65536 NEXT 1048576 MINEXTENTS 1 MAXEXTENTS 2147483645
  PCTINCREASE 0 FREELISTS 1 FREELIST GROUPS 1 BUFFER_POOL DEFAULT FLASH_CACHE DEFAULT CELL_FLASH_CACHE DEFAULT)
  TABLESPACE "SYSTEM" 
 LOB ("M_REV_CONTENT") STORE AS BASICFILE (
  TABLESPACE "SYSTEM" ENABLE STORAGE IN ROW CHUNK 8192 RETENTION 
  NOCACHE LOGGING 
  STORAGE(INITIAL 65536 NEXT 1048576 MINEXTENTS 1 MAXEXTENTS 2147483645
  PCTINCREASE 0 FREELISTS 1 FREELIST GROUPS 1 BUFFER_POOL DEFAULT FLASH_CACHE DEFAULT CELL_FLASH_CACHE DEFAULT)) ;
--------------------------------------------------------
--  DDL for Table M_REV_LIKE
--------------------------------------------------------

  CREATE TABLE "MOVIEFACTORY"."M_REV_LIKE" 
   (	"M_REV_NO" NUMBER(20,0), 
	"USERNAME" VARCHAR2(20 BYTE), 
	"LIKE_REG_DATE" DATE
   ) SEGMENT CREATION IMMEDIATE 
  PCTFREE 10 PCTUSED 40 INITRANS 1 MAXTRANS 255 NOCOMPRESS LOGGING
  STORAGE(INITIAL 65536 NEXT 1048576 MINEXTENTS 1 MAXEXTENTS 2147483645
  PCTINCREASE 0 FREELISTS 1 FREELIST GROUPS 1 BUFFER_POOL DEFAULT FLASH_CACHE DEFAULT CELL_FLASH_CACHE DEFAULT)
  TABLESPACE "SYSTEM" ;
--------------------------------------------------------
--  DDL for Table M_REV_REP
--------------------------------------------------------

  CREATE TABLE "MOVIEFACTORY"."M_REV_REP" 
   (	"USERNAME" VARCHAR2(20 BYTE), 
	"M_REV_NO" NUMBER(20,0), 
	"TITLE" VARCHAR2(150 BYTE), 
	"CONTENT" CLOB, 
	"WRITING_DATE" DATE, 
	"M_REP_CATE" VARCHAR2(30 BYTE)
   ) SEGMENT CREATION IMMEDIATE 
  PCTFREE 10 PCTUSED 40 INITRANS 1 MAXTRANS 255 NOCOMPRESS LOGGING
  STORAGE(INITIAL 65536 NEXT 1048576 MINEXTENTS 1 MAXEXTENTS 2147483645
  PCTINCREASE 0 FREELISTS 1 FREELIST GROUPS 1 BUFFER_POOL DEFAULT FLASH_CACHE DEFAULT CELL_FLASH_CACHE DEFAULT)
  TABLESPACE "SYSTEM" 
 LOB ("CONTENT") STORE AS BASICFILE (
  TABLESPACE "SYSTEM" ENABLE STORAGE IN ROW CHUNK 8192 RETENTION 
  NOCACHE LOGGING 
  STORAGE(INITIAL 65536 NEXT 1048576 MINEXTENTS 1 MAXEXTENTS 2147483645
  PCTINCREASE 0 FREELISTS 1 FREELIST GROUPS 1 BUFFER_POOL DEFAULT FLASH_CACHE DEFAULT CELL_FLASH_CACHE DEFAULT)) ;
--------------------------------------------------------
--  DDL for Table NOTICE
--------------------------------------------------------

  CREATE TABLE "MOVIEFACTORY"."NOTICE" 
   (	"NOTICE_NO" NUMBER(10,0), 
	"TITLE" VARCHAR2(150 BYTE), 
	"CONTENT" CLOB, 
	"WRITING_DATE" DATE
   ) SEGMENT CREATION IMMEDIATE 
  PCTFREE 10 PCTUSED 40 INITRANS 1 MAXTRANS 255 NOCOMPRESS LOGGING
  STORAGE(INITIAL 65536 NEXT 1048576 MINEXTENTS 1 MAXEXTENTS 2147483645
  PCTINCREASE 0 FREELISTS 1 FREELIST GROUPS 1 BUFFER_POOL DEFAULT FLASH_CACHE DEFAULT CELL_FLASH_CACHE DEFAULT)
  TABLESPACE "SYSTEM" 
 LOB ("CONTENT") STORE AS BASICFILE (
  TABLESPACE "SYSTEM" ENABLE STORAGE IN ROW CHUNK 8192 RETENTION 
  NOCACHE LOGGING 
  STORAGE(INITIAL 65536 NEXT 1048576 MINEXTENTS 1 MAXEXTENTS 2147483645
  PCTINCREASE 0 FREELISTS 1 FREELIST GROUPS 1 BUFFER_POOL DEFAULT FLASH_CACHE DEFAULT CELL_FLASH_CACHE DEFAULT)) ;
REM INSERTING into MOVIEFACTORY.ADDRBOOK
SET DEFINE OFF;
REM INSERTING into MOVIEFACTORY.ADMINASK
SET DEFINE OFF;
REM INSERTING into MOVIEFACTORY.ADMINASKSTATE
SET DEFINE OFF;
Insert into MOVIEFACTORY.ADMINASKSTATE (ASK_STATE_CONTENT) values ('답변완료');
Insert into MOVIEFACTORY.ADMINASKSTATE (ASK_STATE_CONTENT) values ('답변중');
Insert into MOVIEFACTORY.ADMINASKSTATE (ASK_STATE_CONTENT) values ('읽기전');
REM INSERTING into MOVIEFACTORY.ANSW_STATE_CATE
SET DEFINE OFF;
REM INSERTING into MOVIEFACTORY.AUTHORITIES
SET DEFINE OFF;
Insert into MOVIEFACTORY.AUTHORITIES (USERNAME,AUTHORITY) values ('aaaa1234','ROLE_USER');
Insert into MOVIEFACTORY.AUTHORITIES (USERNAME,AUTHORITY) values ('asdf1111','ROLE_USER');
Insert into MOVIEFACTORY.AUTHORITIES (USERNAME,AUTHORITY) values ('asdfg123','ROLE_USER');
Insert into MOVIEFACTORY.AUTHORITIES (USERNAME,AUTHORITY) values ('fall1234','ROLE_USER');
Insert into MOVIEFACTORY.AUTHORITIES (USERNAME,AUTHORITY) values ('parkjangajji','ROLE_USER');
Insert into MOVIEFACTORY.AUTHORITIES (USERNAME,AUTHORITY) values ('polpo1356','ROLE_USER');
Insert into MOVIEFACTORY.AUTHORITIES (USERNAME,AUTHORITY) values ('qkrehdfuf','ROLE_USER');
Insert into MOVIEFACTORY.AUTHORITIES (USERNAME,AUTHORITY) values ('qwerty123','ROLE_ADMIN');
Insert into MOVIEFACTORY.AUTHORITIES (USERNAME,AUTHORITY) values ('qwerty1232','ROLE_USER');
Insert into MOVIEFACTORY.AUTHORITIES (USERNAME,AUTHORITY) values ('spring123','ROLE_USER');
Insert into MOVIEFACTORY.AUTHORITIES (USERNAME,AUTHORITY) values ('spring1234','ROLE_USER');
Insert into MOVIEFACTORY.AUTHORITIES (USERNAME,AUTHORITY) values ('tmfrl9728','ROLE_USER');
Insert into MOVIEFACTORY.AUTHORITIES (USERNAME,AUTHORITY) values ('xogh1037','ROLE_USER');
Insert into MOVIEFACTORY.AUTHORITIES (USERNAME,AUTHORITY) values ('xogh8120','ROLE_USER');
REM INSERTING into MOVIEFACTORY.COLL
SET DEFINE OFF;
Insert into MOVIEFACTORY.COLL (COLL_NO,COLL_NAME,USERNAME,WRITING_DATE,COLL_LIKE_CNT) values (20,'asdasd','spring',to_date('19/11/25','RR/MM/DD'),null);
Insert into MOVIEFACTORY.COLL (COLL_NO,COLL_NAME,USERNAME,WRITING_DATE,COLL_LIKE_CNT) values (21,'asdasd123123123123123123','spring',to_date('19/11/25','RR/MM/DD'),null);
Insert into MOVIEFACTORY.COLL (COLL_NO,COLL_NAME,USERNAME,WRITING_DATE,COLL_LIKE_CNT) values (40,'이야호 새로운 콜렉션이다 수정했지롱','qwerty123',to_date('19/12/03','RR/MM/DD'),null);
REM INSERTING into MOVIEFACTORY.COLL_DETAIL
SET DEFINE OFF;
Insert into MOVIEFACTORY.COLL_DETAIL (M_NO,COLL_NO,REG_DATE) values (20173932,40,to_date('19/12/03','RR/MM/DD'));
Insert into MOVIEFACTORY.COLL_DETAIL (M_NO,COLL_NO,REG_DATE) values (20170610,40,to_date('19/12/03','RR/MM/DD'));
Insert into MOVIEFACTORY.COLL_DETAIL (M_NO,COLL_NO,REG_DATE) values (20178021,40,to_date('19/12/03','RR/MM/DD'));
Insert into MOVIEFACTORY.COLL_DETAIL (M_NO,COLL_NO,REG_DATE) values (20198664,40,to_date('19/12/03','RR/MM/DD'));
Insert into MOVIEFACTORY.COLL_DETAIL (M_NO,COLL_NO,REG_DATE) values (20183076,40,to_date('19/12/03','RR/MM/DD'));
Insert into MOVIEFACTORY.COLL_DETAIL (M_NO,COLL_NO,REG_DATE) values (20177478,40,to_date('19/12/03','RR/MM/DD'));
Insert into MOVIEFACTORY.COLL_DETAIL (M_NO,COLL_NO,REG_DATE) values (20140048,40,to_date('19/12/03','RR/MM/DD'));
REM INSERTING into MOVIEFACTORY.COLL_LIKE
SET DEFINE OFF;
REM INSERTING into MOVIEFACTORY.FAV_M
SET DEFINE OFF;
Insert into MOVIEFACTORY.FAV_M (M_NO,USERNAME,WRITING_DATE) values (19970321,'qwerty123',to_date('19/12/16','RR/MM/DD'));
Insert into MOVIEFACTORY.FAV_M (M_NO,USERNAME,WRITING_DATE) values (20178522,'aaaa1234',to_date('19/12/19','RR/MM/DD'));
Insert into MOVIEFACTORY.FAV_M (M_NO,USERNAME,WRITING_DATE) values (19568011,'spring1234',to_date('19/12/23','RR/MM/DD'));
REM INSERTING into MOVIEFACTORY.FAV_M_DETAIL
SET DEFINE OFF;
REM INSERTING into MOVIEFACTORY.FOLLOW
SET DEFINE OFF;
Insert into MOVIEFACTORY.FOLLOW (FOLLOWER_USERNAME,FOLLOWING_USERNAME) values ('spring1234','qwerty123');
Insert into MOVIEFACTORY.FOLLOW (FOLLOWER_USERNAME,FOLLOWING_USERNAME) values ('spring1234','spring1234');
REM INSERTING into MOVIEFACTORY.MEMBER
SET DEFINE OFF;
Insert into MOVIEFACTORY.MEMBER (USERNAME,PASSWORD,NAME,NICK,EMAIL,BASE_ADDR,ZIP_CODE,TEL,BIRTH,GENDER,BLIND_CNT,ENABLED,REG_DATE,LAST_LOGIN_DATE,RECENT_LOGIN_DATE,LOGIN_FAILURE_CNT,IS_RESIGN,BLOCK_DATE) values ('qwerty123','$2a$10$jWedifgmQYJuBa0Sb32ou.gRnpU4pLkd0kb/wP4bjZg8n2Ck7QAt2','안녕','안녕','qwerty123@naver.com','q','12345','01064739128',980920,2,0,1,to_date('19/11/19','RR/MM/DD'),to_date('19/12/23','RR/MM/DD'),to_date('19/12/23','RR/MM/DD'),0,0,null);
Insert into MOVIEFACTORY.MEMBER (USERNAME,PASSWORD,NAME,NICK,EMAIL,BASE_ADDR,ZIP_CODE,TEL,BIRTH,GENDER,BLIND_CNT,ENABLED,REG_DATE,LAST_LOGIN_DATE,RECENT_LOGIN_DATE,LOGIN_FAILURE_CNT,IS_RESIGN,BLOCK_DATE) values ('aaaa1234','$2a$10$jJaF0PcyouHg5kEv3B4vZeYnWt6VjoghAiBnDEyyCkyphay/FnvyO','은영','은영','dmdu11@naver.com','123','12345','12345678912',123456,1,0,1,to_date('19/11/20','RR/MM/DD'),null,null,2,0,null);
Insert into MOVIEFACTORY.MEMBER (USERNAME,PASSWORD,NAME,NICK,EMAIL,BASE_ADDR,ZIP_CODE,TEL,BIRTH,GENDER,BLIND_CNT,ENABLED,REG_DATE,LAST_LOGIN_DATE,RECENT_LOGIN_DATE,LOGIN_FAILURE_CNT,IS_RESIGN,BLOCK_DATE) values ('polpo1356','$2a$10$gPYg4YbVh56y4.oDiyGQOe7GzI/4CJu7GtVyBL1HExlYKDQsG1vOS','안은','안은','polpo1356@naver.com','12345','12347','01078945612',980920,2,0,1,to_date('19/11/25','RR/MM/DD'),null,null,1,0,null);
Insert into MOVIEFACTORY.MEMBER (USERNAME,PASSWORD,NAME,NICK,EMAIL,BASE_ADDR,ZIP_CODE,TEL,BIRTH,GENDER,BLIND_CNT,ENABLED,REG_DATE,LAST_LOGIN_DATE,RECENT_LOGIN_DATE,LOGIN_FAILURE_CNT,IS_RESIGN,BLOCK_DATE) values ('asdfg123','$2a$10$Ip5d8oPlQ9q5fSQyOSQO9eT3Utb8uSYJvxTBoaRCH.9wbIVKEuCFK','하이','하이','parkjangajji@naver.com','123','1234 ','12314235324',985454,2,0,1,to_date('19/11/25','RR/MM/DD'),null,null,0,0,null);
Insert into MOVIEFACTORY.MEMBER (USERNAME,PASSWORD,NAME,NICK,EMAIL,BASE_ADDR,ZIP_CODE,TEL,BIRTH,GENDER,BLIND_CNT,ENABLED,REG_DATE,LAST_LOGIN_DATE,RECENT_LOGIN_DATE,LOGIN_FAILURE_CNT,IS_RESIGN,BLOCK_DATE) values ('qwerty1232','$2a$10$/4FYL2rDsWH6bzOgTBKtLehhP6abCWJMqo7Yxuq08vjlhdfOQvnrq','은영리','은영리','qwerty@naver.com','인천광역시 미추홀구 매소홀로488번길','22226','0313122968 ',980920,2,0,1,to_date('19/11/25','RR/MM/DD'),null,null,0,0,null);
Insert into MOVIEFACTORY.MEMBER (USERNAME,PASSWORD,NAME,NICK,EMAIL,BASE_ADDR,ZIP_CODE,TEL,BIRTH,GENDER,BLIND_CNT,ENABLED,REG_DATE,LAST_LOGIN_DATE,RECENT_LOGIN_DATE,LOGIN_FAILURE_CNT,IS_RESIGN,BLOCK_DATE) values ('xogh8120','$2a$10$Ye4owqS74miFBCFFdCau.eOxkIClDH.NMouhpeyXKW89Cu20HEiY2','이태호','리타이흐어','ieb6721@naver.com','인천 남동구 서창동','40488','01064739128',980920,3,0,1,to_date('19/11/25','RR/MM/DD'),null,null,0,0,null);
Insert into MOVIEFACTORY.MEMBER (USERNAME,PASSWORD,NAME,NICK,EMAIL,BASE_ADDR,ZIP_CODE,TEL,BIRTH,GENDER,BLIND_CNT,ENABLED,REG_DATE,LAST_LOGIN_DATE,RECENT_LOGIN_DATE,LOGIN_FAILURE_CNT,IS_RESIGN,BLOCK_DATE) values ('xogh1037','$2a$10$xZLROmoa.cFrNAmYLBJz7.iWxUaeI7zX41NIgBqQkEuJfj1ac.fwG','이이잉','루','sss@naver.com','인천광역시 미추홀구 매소홀로488번길','22222','0313122968 ',111111,1,0,1,to_date('19/11/25','RR/MM/DD'),null,null,0,0,null);
Insert into MOVIEFACTORY.MEMBER (USERNAME,PASSWORD,NAME,NICK,EMAIL,BASE_ADDR,ZIP_CODE,TEL,BIRTH,GENDER,BLIND_CNT,ENABLED,REG_DATE,LAST_LOGIN_DATE,RECENT_LOGIN_DATE,LOGIN_FAILURE_CNT,IS_RESIGN,BLOCK_DATE) values ('qkrehdfuf','$2a$10$qiaYQMEikT5VxWVNQ3vEMeM.Jnb6VkauwN18UbfAARm36ZMRiH2Lu','박동렬','동렬','tmfrl123@naver.com','인천 판자촌','12345','01049062214',940410,1,0,1,to_date('19/11/26','RR/MM/DD'),null,null,0,0,null);
Insert into MOVIEFACTORY.MEMBER (USERNAME,PASSWORD,NAME,NICK,EMAIL,BASE_ADDR,ZIP_CODE,TEL,BIRTH,GENDER,BLIND_CNT,ENABLED,REG_DATE,LAST_LOGIN_DATE,RECENT_LOGIN_DATE,LOGIN_FAILURE_CNT,IS_RESIGN,BLOCK_DATE) values ('parkjangajji','$2a$10$OvJgDSC4F4fz46mIROD3GeAYtUU8AsQ/j.ScreY2DjiNWAnk3xVCa','동렬','동동','park@naver.com','인천 판자촌 12층','12345','01049062214',940410,1,0,1,to_date('19/11/26','RR/MM/DD'),null,null,0,0,null);
Insert into MOVIEFACTORY.MEMBER (USERNAME,PASSWORD,NAME,NICK,EMAIL,BASE_ADDR,ZIP_CODE,TEL,BIRTH,GENDER,BLIND_CNT,ENABLED,REG_DATE,LAST_LOGIN_DATE,RECENT_LOGIN_DATE,LOGIN_FAILURE_CNT,IS_RESIGN,BLOCK_DATE) values ('spring123','$2a$10$R09AuVwYI9RTNFTGayS/Se/5Q/iZBmk7yJ7K7BCKFHytc.bLaZIs6','스프링','스프링','spring123@naver.com','학원','12312','01012345678',930222,1,0,1,to_date('19/11/28','RR/MM/DD'),null,null,0,0,null);
Insert into MOVIEFACTORY.MEMBER (USERNAME,PASSWORD,NAME,NICK,EMAIL,BASE_ADDR,ZIP_CODE,TEL,BIRTH,GENDER,BLIND_CNT,ENABLED,REG_DATE,LAST_LOGIN_DATE,RECENT_LOGIN_DATE,LOGIN_FAILURE_CNT,IS_RESIGN,BLOCK_DATE) values ('fall1234','$2a$10$4r/ek.qlsqF03GUZ9jlD/unrGdakOaZMcidxhqVwFY7.3alPOKTfu','가을','가을','fall1234@naver.com','집이야','12345','01045678912',930111,2,0,1,to_date('19/11/28','RR/MM/DD'),null,null,0,0,null);
Insert into MOVIEFACTORY.MEMBER (USERNAME,PASSWORD,NAME,NICK,EMAIL,BASE_ADDR,ZIP_CODE,TEL,BIRTH,GENDER,BLIND_CNT,ENABLED,REG_DATE,LAST_LOGIN_DATE,RECENT_LOGIN_DATE,LOGIN_FAILURE_CNT,IS_RESIGN,BLOCK_DATE) values ('sasin12345','sasin12','사순실','순순이사신','dmdu15@naver.com','경기도 부천 사심','43216','01064739136',940526,2,4,0,to_date('19/11/28','RR/MM/DD'),to_date('19/11/28','RR/MM/DD'),to_date('19/11/28','RR/MM/DD'),0,0,null);
Insert into MOVIEFACTORY.MEMBER (USERNAME,PASSWORD,NAME,NICK,EMAIL,BASE_ADDR,ZIP_CODE,TEL,BIRTH,GENDER,BLIND_CNT,ENABLED,REG_DATE,LAST_LOGIN_DATE,RECENT_LOGIN_DATE,LOGIN_FAILURE_CNT,IS_RESIGN,BLOCK_DATE) values ('asdf1111','$2a$10$8qZC19s74eHhGi6W4lv72exLssE/3rqQimsuyb3zjEwgVluoX9R.2','박동민','박동민','rhthrehfh156@naver.com','현광 1차','46442','01024591950',961010,1,0,1,to_date('19/12/03','RR/MM/DD'),null,null,0,0,null);
Insert into MOVIEFACTORY.MEMBER (USERNAME,PASSWORD,NAME,NICK,EMAIL,BASE_ADDR,ZIP_CODE,TEL,BIRTH,GENDER,BLIND_CNT,ENABLED,REG_DATE,LAST_LOGIN_DATE,RECENT_LOGIN_DATE,LOGIN_FAILURE_CNT,IS_RESIGN,BLOCK_DATE) values ('spring1234','$2a$10$9QhlaODq3Eksf.hKntD1puhNETtUERD29gZ9RRNHGRqB4M95haIvW','안녕히','가세요','spppp123@naver.com','안알려줘','99999','01044444444',950403,2,0,1,to_date('19/12/03','RR/MM/DD'),to_date('19/12/23','RR/MM/DD'),to_date('19/12/23','RR/MM/DD'),0,0,null);
Insert into MOVIEFACTORY.MEMBER (USERNAME,PASSWORD,NAME,NICK,EMAIL,BASE_ADDR,ZIP_CODE,TEL,BIRTH,GENDER,BLIND_CNT,ENABLED,REG_DATE,LAST_LOGIN_DATE,RECENT_LOGIN_DATE,LOGIN_FAILURE_CNT,IS_RESIGN,BLOCK_DATE) values ('tmfrl9728','$2a$10$0v2kod42jaWNbTQio2TZhO3.mILB.SYfurUiQ/hZMD15ZmWJFR2Yu','박슬기','박슬기','asdpasd@naver.com','판자촌 옆집','12312','01000290909',940410,2,0,1,to_date('19/12/04','RR/MM/DD'),null,null,0,0,null);
REM INSERTING into MOVIEFACTORY.M_CMNT
SET DEFINE OFF;
Insert into MOVIEFACTORY.M_CMNT (M_REV_CMNT_NO,M_REV_NO,USERNAME,IS_BLIND,WRITING_DATE,CMNT_LIKE_CNT,CMNT_REP_CNT) values (7,7,'sa12345',0,to_date('19/11/21','RR/MM/DD'),null,null);
Insert into MOVIEFACTORY.M_CMNT (M_REV_CMNT_NO,M_REV_NO,USERNAME,IS_BLIND,WRITING_DATE,CMNT_LIKE_CNT,CMNT_REP_CNT) values (13,6,'sa12345',0,to_date('19/11/21','RR/MM/DD'),null,null);
Insert into MOVIEFACTORY.M_CMNT (M_REV_CMNT_NO,M_REV_NO,USERNAME,IS_BLIND,WRITING_DATE,CMNT_LIKE_CNT,CMNT_REP_CNT) values (14,7,'sa12345',1,to_date('19/11/21','RR/MM/DD'),null,null);
Insert into MOVIEFACTORY.M_CMNT (M_REV_CMNT_NO,M_REV_NO,USERNAME,IS_BLIND,WRITING_DATE,CMNT_LIKE_CNT,CMNT_REP_CNT) values (20,21,'qwerty123',0,to_date('19/12/03','RR/MM/DD'),0,0);
Insert into MOVIEFACTORY.M_CMNT (M_REV_CMNT_NO,M_REV_NO,USERNAME,IS_BLIND,WRITING_DATE,CMNT_LIKE_CNT,CMNT_REP_CNT) values (40,42,'aaaa1234',0,to_date('19/12/04','RR/MM/DD'),0,1);
REM INSERTING into MOVIEFACTORY.M_CMNT_LIKE
SET DEFINE OFF;
REM INSERTING into MOVIEFACTORY.M_CMNT_REP
SET DEFINE OFF;
Insert into MOVIEFACTORY.M_CMNT_REP (M_REV_CMNT_NO,USERNAME,TITLE,WRITING_DATE,M_REP_CATE) values (40,'qwerty123','뭔데',to_date('19/12/04','RR/MM/DD'),'욕설');
REM INSERTING into MOVIEFACTORY.M_REP_CATE
SET DEFINE OFF;
Insert into MOVIEFACTORY.M_REP_CATE (M_REP_CATE) values ('욕설');
Insert into MOVIEFACTORY.M_REP_CATE (M_REP_CATE) values ('혐오');
REM INSERTING into MOVIEFACTORY.M_REV
SET DEFINE OFF;
Insert into MOVIEFACTORY.M_REV (M_REV_NO,USERNAME,M_NO,RATING,IS_SPO,WRITING_DATE,GENRE,IS_BLIND,LIKE_CNT,REP_CNT) values (6,'sasin12',2,1,0,to_date('96/03/05','RR/MM/DD'),'애니',0,null,null);
Insert into MOVIEFACTORY.M_REV (M_REV_NO,USERNAME,M_NO,RATING,IS_SPO,WRITING_DATE,GENRE,IS_BLIND,LIKE_CNT,REP_CNT) values (7,'sasin12',2,1,0,to_date('96/03/05','RR/MM/DD'),'애니',1,null,null);
Insert into MOVIEFACTORY.M_REV (M_REV_NO,USERNAME,M_NO,RATING,IS_SPO,WRITING_DATE,GENRE,IS_BLIND,LIKE_CNT,REP_CNT) values (21,'spring1234',19568011,5,1,to_date('19/12/03','RR/MM/DD'),'드라마',0,0,0);
Insert into MOVIEFACTORY.M_REV (M_REV_NO,USERNAME,M_NO,RATING,IS_SPO,WRITING_DATE,GENRE,IS_BLIND,LIKE_CNT,REP_CNT) values (42,'aaaa1234',20192083,4,0,to_date('19/12/04','RR/MM/DD'),'액션',0,1,1);
Insert into MOVIEFACTORY.M_REV (M_REV_NO,USERNAME,M_NO,RATING,IS_SPO,WRITING_DATE,GENRE,IS_BLIND,LIKE_CNT,REP_CNT) values (60,'qwerty123',20192083,4,0,to_date('19/12/05','RR/MM/DD'),'액션',0,0,0);
Insert into MOVIEFACTORY.M_REV (M_REV_NO,USERNAME,M_NO,RATING,IS_SPO,WRITING_DATE,GENRE,IS_BLIND,LIKE_CNT,REP_CNT) values (22,'qwerty123',19568011,4,0,to_date('19/12/17','RR/MM/DD'),'드라마',0,0,1);
REM INSERTING into MOVIEFACTORY.M_REV_LIKE
SET DEFINE OFF;
Insert into MOVIEFACTORY.M_REV_LIKE (M_REV_NO,USERNAME,LIKE_REG_DATE) values (42,'spring1234',to_date('19/12/23','RR/MM/DD'));
REM INSERTING into MOVIEFACTORY.M_REV_REP
SET DEFINE OFF;
Insert into MOVIEFACTORY.M_REV_REP (USERNAME,M_REV_NO,TITLE,WRITING_DATE,M_REP_CATE) values ('qwerty123',7,'개놈',to_date('19/12/03','RR/MM/DD'),'욕설');
Insert into MOVIEFACTORY.M_REV_REP (USERNAME,M_REV_NO,TITLE,WRITING_DATE,M_REP_CATE) values ('spring1234',22,'ㅁㄴㅇ',to_date('19/12/23','RR/MM/DD'),'욕설');
Insert into MOVIEFACTORY.M_REV_REP (USERNAME,M_REV_NO,TITLE,WRITING_DATE,M_REP_CATE) values ('spring1234',42,'ㅁㄴㅇ',to_date('19/12/23','RR/MM/DD'),'욕설');
REM INSERTING into MOVIEFACTORY.NOTICE
SET DEFINE OFF;
Insert into MOVIEFACTORY.NOTICE (NOTICE_NO,TITLE,WRITING_DATE) values (1,'박동민 똥멍청이',to_date('19/12/03','RR/MM/DD'));
--------------------------------------------------------
--  DDL for Index M_REV_LIKE_PK
--------------------------------------------------------

  CREATE UNIQUE INDEX "MOVIEFACTORY"."M_REV_LIKE_PK" ON "MOVIEFACTORY"."M_REV_LIKE" ("M_REV_NO", "USERNAME") 
  PCTFREE 10 INITRANS 2 MAXTRANS 255 COMPUTE STATISTICS 
  STORAGE(INITIAL 65536 NEXT 1048576 MINEXTENTS 1 MAXEXTENTS 2147483645
  PCTINCREASE 0 FREELISTS 1 FREELIST GROUPS 1 BUFFER_POOL DEFAULT FLASH_CACHE DEFAULT CELL_FLASH_CACHE DEFAULT)
  TABLESPACE "SYSTEM" ;
--------------------------------------------------------
--  DDL for Index M_CMNT_LIKE_PK
--------------------------------------------------------

  CREATE UNIQUE INDEX "MOVIEFACTORY"."M_CMNT_LIKE_PK" ON "MOVIEFACTORY"."M_CMNT_LIKE" ("M_REV_CMNT_NO", "USERNAME") 
  PCTFREE 10 INITRANS 2 MAXTRANS 255 COMPUTE STATISTICS 
  STORAGE(INITIAL 65536 NEXT 1048576 MINEXTENTS 1 MAXEXTENTS 2147483645
  PCTINCREASE 0 FREELISTS 1 FREELIST GROUPS 1 BUFFER_POOL DEFAULT FLASH_CACHE DEFAULT CELL_FLASH_CACHE DEFAULT)
  TABLESPACE "SYSTEM" ;
--------------------------------------------------------
--  DDL for Index PK_ANSW_STATE_CATE
--------------------------------------------------------

  CREATE UNIQUE INDEX "MOVIEFACTORY"."PK_ANSW_STATE_CATE" ON "MOVIEFACTORY"."ANSW_STATE_CATE" ("ANSWER_STATE") 
  PCTFREE 10 INITRANS 2 MAXTRANS 255 COMPUTE STATISTICS 
  STORAGE(INITIAL 65536 NEXT 1048576 MINEXTENTS 1 MAXEXTENTS 2147483645
  PCTINCREASE 0 FREELISTS 1 FREELIST GROUPS 1 BUFFER_POOL DEFAULT FLASH_CACHE DEFAULT CELL_FLASH_CACHE DEFAULT)
  TABLESPACE "SYSTEM" ;
--------------------------------------------------------
--  DDL for Index PK_M_CMNT
--------------------------------------------------------

  CREATE UNIQUE INDEX "MOVIEFACTORY"."PK_M_CMNT" ON "MOVIEFACTORY"."M_CMNT" ("M_REV_CMNT_NO") 
  PCTFREE 10 INITRANS 2 MAXTRANS 255 COMPUTE STATISTICS 
  STORAGE(INITIAL 65536 NEXT 1048576 MINEXTENTS 1 MAXEXTENTS 2147483645
  PCTINCREASE 0 FREELISTS 1 FREELIST GROUPS 1 BUFFER_POOL DEFAULT FLASH_CACHE DEFAULT CELL_FLASH_CACHE DEFAULT)
  TABLESPACE "SYSTEM" ;
--------------------------------------------------------
--  DDL for Index PK_FOLLOW
--------------------------------------------------------

  CREATE UNIQUE INDEX "MOVIEFACTORY"."PK_FOLLOW" ON "MOVIEFACTORY"."FOLLOW" ("FOLLOWER_USERNAME", "FOLLOWING_USERNAME") 
  PCTFREE 10 INITRANS 2 MAXTRANS 255 COMPUTE STATISTICS 
  STORAGE(INITIAL 65536 NEXT 1048576 MINEXTENTS 1 MAXEXTENTS 2147483645
  PCTINCREASE 0 FREELISTS 1 FREELIST GROUPS 1 BUFFER_POOL DEFAULT FLASH_CACHE DEFAULT CELL_FLASH_CACHE DEFAULT)
  TABLESPACE "SYSTEM" ;
--------------------------------------------------------
--  DDL for Index PK_M_REV
--------------------------------------------------------

  CREATE UNIQUE INDEX "MOVIEFACTORY"."PK_M_REV" ON "MOVIEFACTORY"."M_REV" ("M_REV_NO") 
  PCTFREE 10 INITRANS 2 MAXTRANS 255 COMPUTE STATISTICS 
  STORAGE(INITIAL 65536 NEXT 1048576 MINEXTENTS 1 MAXEXTENTS 2147483645
  PCTINCREASE 0 FREELISTS 1 FREELIST GROUPS 1 BUFFER_POOL DEFAULT FLASH_CACHE DEFAULT CELL_FLASH_CACHE DEFAULT)
  TABLESPACE "SYSTEM" ;
--------------------------------------------------------
--  DDL for Index PK_ADMINASKSTATE
--------------------------------------------------------

  CREATE UNIQUE INDEX "MOVIEFACTORY"."PK_ADMINASKSTATE" ON "MOVIEFACTORY"."ADMINASKSTATE" ("ASK_STATE_CONTENT") 
  PCTFREE 10 INITRANS 2 MAXTRANS 255 COMPUTE STATISTICS 
  STORAGE(INITIAL 65536 NEXT 1048576 MINEXTENTS 1 MAXEXTENTS 2147483645
  PCTINCREASE 0 FREELISTS 1 FREELIST GROUPS 1 BUFFER_POOL DEFAULT FLASH_CACHE DEFAULT CELL_FLASH_CACHE DEFAULT)
  TABLESPACE "SYSTEM" ;
--------------------------------------------------------
--  DDL for Index PK_FAV_M
--------------------------------------------------------

  CREATE UNIQUE INDEX "MOVIEFACTORY"."PK_FAV_M" ON "MOVIEFACTORY"."FAV_M" ("M_NO") 
  PCTFREE 10 INITRANS 2 MAXTRANS 255 COMPUTE STATISTICS 
  STORAGE(INITIAL 65536 NEXT 1048576 MINEXTENTS 1 MAXEXTENTS 2147483645
  PCTINCREASE 0 FREELISTS 1 FREELIST GROUPS 1 BUFFER_POOL DEFAULT FLASH_CACHE DEFAULT CELL_FLASH_CACHE DEFAULT)
  TABLESPACE "SYSTEM" ;
--------------------------------------------------------
--  DDL for Index PK_M_REP_CATE
--------------------------------------------------------

  CREATE UNIQUE INDEX "MOVIEFACTORY"."PK_M_REP_CATE" ON "MOVIEFACTORY"."M_REP_CATE" ("M_REP_CATE") 
  PCTFREE 10 INITRANS 2 MAXTRANS 255 COMPUTE STATISTICS 
  STORAGE(INITIAL 65536 NEXT 1048576 MINEXTENTS 1 MAXEXTENTS 2147483645
  PCTINCREASE 0 FREELISTS 1 FREELIST GROUPS 1 BUFFER_POOL DEFAULT FLASH_CACHE DEFAULT CELL_FLASH_CACHE DEFAULT)
  TABLESPACE "SYSTEM" ;
--------------------------------------------------------
--  DDL for Index PK_NOTICE
--------------------------------------------------------

  CREATE UNIQUE INDEX "MOVIEFACTORY"."PK_NOTICE" ON "MOVIEFACTORY"."NOTICE" ("NOTICE_NO") 
  PCTFREE 10 INITRANS 2 MAXTRANS 255 COMPUTE STATISTICS 
  STORAGE(INITIAL 65536 NEXT 1048576 MINEXTENTS 1 MAXEXTENTS 2147483645
  PCTINCREASE 0 FREELISTS 1 FREELIST GROUPS 1 BUFFER_POOL DEFAULT FLASH_CACHE DEFAULT CELL_FLASH_CACHE DEFAULT)
  TABLESPACE "SYSTEM" ;
--------------------------------------------------------
--  DDL for Index PK_M_CMNT_REP
--------------------------------------------------------

  CREATE UNIQUE INDEX "MOVIEFACTORY"."PK_M_CMNT_REP" ON "MOVIEFACTORY"."M_CMNT_REP" ("M_REV_CMNT_NO", "USERNAME") 
  PCTFREE 10 INITRANS 2 MAXTRANS 255 COMPUTE STATISTICS 
  STORAGE(INITIAL 65536 NEXT 1048576 MINEXTENTS 1 MAXEXTENTS 2147483645
  PCTINCREASE 0 FREELISTS 1 FREELIST GROUPS 1 BUFFER_POOL DEFAULT FLASH_CACHE DEFAULT CELL_FLASH_CACHE DEFAULT)
  TABLESPACE "SYSTEM" ;
--------------------------------------------------------
--  DDL for Index PK_FAV_M_DETAIL
--------------------------------------------------------

  CREATE UNIQUE INDEX "MOVIEFACTORY"."PK_FAV_M_DETAIL" ON "MOVIEFACTORY"."FAV_M_DETAIL" ("M_NO", "M_LIKE_NO") 
  PCTFREE 10 INITRANS 2 MAXTRANS 255 COMPUTE STATISTICS 
  STORAGE(INITIAL 65536 NEXT 1048576 MINEXTENTS 1 MAXEXTENTS 2147483645
  PCTINCREASE 0 FREELISTS 1 FREELIST GROUPS 1 BUFFER_POOL DEFAULT FLASH_CACHE DEFAULT CELL_FLASH_CACHE DEFAULT)
  TABLESPACE "SYSTEM" ;
--------------------------------------------------------
--  DDL for Index PK_COLL_LIKE
--------------------------------------------------------

  CREATE UNIQUE INDEX "MOVIEFACTORY"."PK_COLL_LIKE" ON "MOVIEFACTORY"."COLL_LIKE" ("COLL_LIKE_NO") 
  PCTFREE 10 INITRANS 2 MAXTRANS 255 COMPUTE STATISTICS 
  STORAGE(INITIAL 65536 NEXT 1048576 MINEXTENTS 1 MAXEXTENTS 2147483645
  PCTINCREASE 0 FREELISTS 1 FREELIST GROUPS 1 BUFFER_POOL DEFAULT FLASH_CACHE DEFAULT CELL_FLASH_CACHE DEFAULT)
  TABLESPACE "SYSTEM" ;
--------------------------------------------------------
--  DDL for Index PK_ADMINASK
--------------------------------------------------------

  CREATE UNIQUE INDEX "MOVIEFACTORY"."PK_ADMINASK" ON "MOVIEFACTORY"."ADMINASK" ("ADMIN_ASK_NO") 
  PCTFREE 10 INITRANS 2 MAXTRANS 255 COMPUTE STATISTICS 
  STORAGE(INITIAL 65536 NEXT 1048576 MINEXTENTS 1 MAXEXTENTS 2147483645
  PCTINCREASE 0 FREELISTS 1 FREELIST GROUPS 1 BUFFER_POOL DEFAULT FLASH_CACHE DEFAULT CELL_FLASH_CACHE DEFAULT)
  TABLESPACE "SYSTEM" ;
--------------------------------------------------------
--  DDL for Index PK_ADDRBOOK
--------------------------------------------------------

  CREATE UNIQUE INDEX "MOVIEFACTORY"."PK_ADDRBOOK" ON "MOVIEFACTORY"."ADDRBOOK" ("ADDRBOOK_NO") 
  PCTFREE 10 INITRANS 2 MAXTRANS 255 COMPUTE STATISTICS 
  STORAGE(INITIAL 65536 NEXT 1048576 MINEXTENTS 1 MAXEXTENTS 2147483645
  PCTINCREASE 0 FREELISTS 1 FREELIST GROUPS 1 BUFFER_POOL DEFAULT FLASH_CACHE DEFAULT CELL_FLASH_CACHE DEFAULT)
  TABLESPACE "SYSTEM" ;
--------------------------------------------------------
--  DDL for Index PK_MEMBER
--------------------------------------------------------

  CREATE UNIQUE INDEX "MOVIEFACTORY"."PK_MEMBER" ON "MOVIEFACTORY"."MEMBER" ("USERNAME") 
  PCTFREE 10 INITRANS 2 MAXTRANS 255 COMPUTE STATISTICS 
  STORAGE(INITIAL 65536 NEXT 1048576 MINEXTENTS 1 MAXEXTENTS 2147483645
  PCTINCREASE 0 FREELISTS 1 FREELIST GROUPS 1 BUFFER_POOL DEFAULT FLASH_CACHE DEFAULT CELL_FLASH_CACHE DEFAULT)
  TABLESPACE "SYSTEM" ;
--------------------------------------------------------
--  DDL for Index PK_M_REV_REP
--------------------------------------------------------

  CREATE UNIQUE INDEX "MOVIEFACTORY"."PK_M_REV_REP" ON "MOVIEFACTORY"."M_REV_REP" ("USERNAME", "M_REV_NO") 
  PCTFREE 10 INITRANS 2 MAXTRANS 255 COMPUTE STATISTICS 
  STORAGE(INITIAL 65536 NEXT 1048576 MINEXTENTS 1 MAXEXTENTS 2147483645
  PCTINCREASE 0 FREELISTS 1 FREELIST GROUPS 1 BUFFER_POOL DEFAULT FLASH_CACHE DEFAULT CELL_FLASH_CACHE DEFAULT)
  TABLESPACE "SYSTEM" ;
--------------------------------------------------------
--  DDL for Index PK_AUTHORITIES
--------------------------------------------------------

  CREATE UNIQUE INDEX "MOVIEFACTORY"."PK_AUTHORITIES" ON "MOVIEFACTORY"."AUTHORITIES" ("USERNAME", "AUTHORITY") 
  PCTFREE 10 INITRANS 2 MAXTRANS 255 COMPUTE STATISTICS 
  STORAGE(INITIAL 65536 NEXT 1048576 MINEXTENTS 1 MAXEXTENTS 2147483645
  PCTINCREASE 0 FREELISTS 1 FREELIST GROUPS 1 BUFFER_POOL DEFAULT FLASH_CACHE DEFAULT CELL_FLASH_CACHE DEFAULT)
  TABLESPACE "SYSTEM" ;
--------------------------------------------------------
--  DDL for Index PK_COLL_DETAILL
--------------------------------------------------------

  CREATE UNIQUE INDEX "MOVIEFACTORY"."PK_COLL_DETAILL" ON "MOVIEFACTORY"."COLL_DETAIL" ("M_NO", "COLL_NO") 
  PCTFREE 10 INITRANS 2 MAXTRANS 255 COMPUTE STATISTICS 
  STORAGE(INITIAL 65536 NEXT 1048576 MINEXTENTS 1 MAXEXTENTS 2147483645
  PCTINCREASE 0 FREELISTS 1 FREELIST GROUPS 1 BUFFER_POOL DEFAULT FLASH_CACHE DEFAULT CELL_FLASH_CACHE DEFAULT)
  TABLESPACE "SYSTEM" ;
--------------------------------------------------------
--  DDL for Index PK_COLL
--------------------------------------------------------

  CREATE UNIQUE INDEX "MOVIEFACTORY"."PK_COLL" ON "MOVIEFACTORY"."COLL" ("COLL_NO") 
  PCTFREE 10 INITRANS 2 MAXTRANS 255 COMPUTE STATISTICS 
  STORAGE(INITIAL 65536 NEXT 1048576 MINEXTENTS 1 MAXEXTENTS 2147483645
  PCTINCREASE 0 FREELISTS 1 FREELIST GROUPS 1 BUFFER_POOL DEFAULT FLASH_CACHE DEFAULT CELL_FLASH_CACHE DEFAULT)
  TABLESPACE "SYSTEM" ;
--------------------------------------------------------
--  Constraints for Table ADMINASK
--------------------------------------------------------

  ALTER TABLE "MOVIEFACTORY"."ADMINASK" ADD CONSTRAINT "PK_ADMINASK" PRIMARY KEY ("ADMIN_ASK_NO")
  USING INDEX PCTFREE 10 INITRANS 2 MAXTRANS 255 COMPUTE STATISTICS 
  STORAGE(INITIAL 65536 NEXT 1048576 MINEXTENTS 1 MAXEXTENTS 2147483645
  PCTINCREASE 0 FREELISTS 1 FREELIST GROUPS 1 BUFFER_POOL DEFAULT FLASH_CACHE DEFAULT CELL_FLASH_CACHE DEFAULT)
  TABLESPACE "SYSTEM"  ENABLE;
  ALTER TABLE "MOVIEFACTORY"."ADMINASK" MODIFY ("ASK_STATE_CONTENT" NOT NULL ENABLE);
  ALTER TABLE "MOVIEFACTORY"."ADMINASK" MODIFY ("WRITING_DATE" NOT NULL ENABLE);
  ALTER TABLE "MOVIEFACTORY"."ADMINASK" MODIFY ("CONTENT" NOT NULL ENABLE);
  ALTER TABLE "MOVIEFACTORY"."ADMINASK" MODIFY ("TITLE" NOT NULL ENABLE);
  ALTER TABLE "MOVIEFACTORY"."ADMINASK" MODIFY ("USERNAME" NOT NULL ENABLE);
  ALTER TABLE "MOVIEFACTORY"."ADMINASK" MODIFY ("ADMIN_ASK_NO" NOT NULL ENABLE);
--------------------------------------------------------
--  Constraints for Table FAV_M
--------------------------------------------------------

  ALTER TABLE "MOVIEFACTORY"."FAV_M" ADD CONSTRAINT "PK_FAV_M" PRIMARY KEY ("M_NO")
  USING INDEX PCTFREE 10 INITRANS 2 MAXTRANS 255 COMPUTE STATISTICS 
  STORAGE(INITIAL 65536 NEXT 1048576 MINEXTENTS 1 MAXEXTENTS 2147483645
  PCTINCREASE 0 FREELISTS 1 FREELIST GROUPS 1 BUFFER_POOL DEFAULT FLASH_CACHE DEFAULT CELL_FLASH_CACHE DEFAULT)
  TABLESPACE "SYSTEM"  ENABLE;
  ALTER TABLE "MOVIEFACTORY"."FAV_M" MODIFY ("USERNAME" NOT NULL ENABLE);
  ALTER TABLE "MOVIEFACTORY"."FAV_M" MODIFY ("M_NO" NOT NULL ENABLE);
--------------------------------------------------------
--  Constraints for Table M_CMNT_REP
--------------------------------------------------------

  ALTER TABLE "MOVIEFACTORY"."M_CMNT_REP" ADD CONSTRAINT "PK_M_CMNT_REP" PRIMARY KEY ("M_REV_CMNT_NO", "USERNAME")
  USING INDEX PCTFREE 10 INITRANS 2 MAXTRANS 255 COMPUTE STATISTICS 
  STORAGE(INITIAL 65536 NEXT 1048576 MINEXTENTS 1 MAXEXTENTS 2147483645
  PCTINCREASE 0 FREELISTS 1 FREELIST GROUPS 1 BUFFER_POOL DEFAULT FLASH_CACHE DEFAULT CELL_FLASH_CACHE DEFAULT)
  TABLESPACE "SYSTEM"  ENABLE;
  ALTER TABLE "MOVIEFACTORY"."M_CMNT_REP" MODIFY ("M_REP_CATE" NOT NULL ENABLE);
  ALTER TABLE "MOVIEFACTORY"."M_CMNT_REP" MODIFY ("WRITING_DATE" NOT NULL ENABLE);
  ALTER TABLE "MOVIEFACTORY"."M_CMNT_REP" MODIFY ("CONTENT" NOT NULL ENABLE);
  ALTER TABLE "MOVIEFACTORY"."M_CMNT_REP" MODIFY ("TITLE" NOT NULL ENABLE);
  ALTER TABLE "MOVIEFACTORY"."M_CMNT_REP" MODIFY ("USERNAME" NOT NULL ENABLE);
  ALTER TABLE "MOVIEFACTORY"."M_CMNT_REP" MODIFY ("M_REV_CMNT_NO" NOT NULL ENABLE);
--------------------------------------------------------
--  Constraints for Table M_CMNT_LIKE
--------------------------------------------------------

  ALTER TABLE "MOVIEFACTORY"."M_CMNT_LIKE" ADD CONSTRAINT "M_CMNT_LIKE_PK" PRIMARY KEY ("M_REV_CMNT_NO", "USERNAME")
  USING INDEX PCTFREE 10 INITRANS 2 MAXTRANS 255 COMPUTE STATISTICS 
  STORAGE(INITIAL 65536 NEXT 1048576 MINEXTENTS 1 MAXEXTENTS 2147483645
  PCTINCREASE 0 FREELISTS 1 FREELIST GROUPS 1 BUFFER_POOL DEFAULT FLASH_CACHE DEFAULT CELL_FLASH_CACHE DEFAULT)
  TABLESPACE "SYSTEM"  ENABLE;
  ALTER TABLE "MOVIEFACTORY"."M_CMNT_LIKE" MODIFY ("LIKE_REG_DATE" NOT NULL ENABLE);
  ALTER TABLE "MOVIEFACTORY"."M_CMNT_LIKE" MODIFY ("USERNAME" NOT NULL ENABLE);
  ALTER TABLE "MOVIEFACTORY"."M_CMNT_LIKE" MODIFY ("M_REV_CMNT_NO" NOT NULL ENABLE);
--------------------------------------------------------
--  Constraints for Table ADMINASKSTATE
--------------------------------------------------------

  ALTER TABLE "MOVIEFACTORY"."ADMINASKSTATE" ADD CONSTRAINT "PK_ADMINASKSTATE" PRIMARY KEY ("ASK_STATE_CONTENT")
  USING INDEX PCTFREE 10 INITRANS 2 MAXTRANS 255 COMPUTE STATISTICS 
  STORAGE(INITIAL 65536 NEXT 1048576 MINEXTENTS 1 MAXEXTENTS 2147483645
  PCTINCREASE 0 FREELISTS 1 FREELIST GROUPS 1 BUFFER_POOL DEFAULT FLASH_CACHE DEFAULT CELL_FLASH_CACHE DEFAULT)
  TABLESPACE "SYSTEM"  ENABLE;
  ALTER TABLE "MOVIEFACTORY"."ADMINASKSTATE" MODIFY ("ASK_STATE_CONTENT" NOT NULL ENABLE);
--------------------------------------------------------
--  Constraints for Table ANSW_STATE_CATE
--------------------------------------------------------

  ALTER TABLE "MOVIEFACTORY"."ANSW_STATE_CATE" ADD CONSTRAINT "PK_ANSW_STATE_CATE" PRIMARY KEY ("ANSWER_STATE")
  USING INDEX PCTFREE 10 INITRANS 2 MAXTRANS 255 COMPUTE STATISTICS 
  STORAGE(INITIAL 65536 NEXT 1048576 MINEXTENTS 1 MAXEXTENTS 2147483645
  PCTINCREASE 0 FREELISTS 1 FREELIST GROUPS 1 BUFFER_POOL DEFAULT FLASH_CACHE DEFAULT CELL_FLASH_CACHE DEFAULT)
  TABLESPACE "SYSTEM"  ENABLE;
  ALTER TABLE "MOVIEFACTORY"."ANSW_STATE_CATE" MODIFY ("ANSWER_STATE" NOT NULL ENABLE);
--------------------------------------------------------
--  Constraints for Table COLL
--------------------------------------------------------

  ALTER TABLE "MOVIEFACTORY"."COLL" ADD CONSTRAINT "PK_COLL" PRIMARY KEY ("COLL_NO")
  USING INDEX PCTFREE 10 INITRANS 2 MAXTRANS 255 COMPUTE STATISTICS 
  STORAGE(INITIAL 65536 NEXT 1048576 MINEXTENTS 1 MAXEXTENTS 2147483645
  PCTINCREASE 0 FREELISTS 1 FREELIST GROUPS 1 BUFFER_POOL DEFAULT FLASH_CACHE DEFAULT CELL_FLASH_CACHE DEFAULT)
  TABLESPACE "SYSTEM"  ENABLE;
  ALTER TABLE "MOVIEFACTORY"."COLL" MODIFY ("WRITING_DATE" NOT NULL ENABLE);
  ALTER TABLE "MOVIEFACTORY"."COLL" MODIFY ("USERNAME" NOT NULL ENABLE);
  ALTER TABLE "MOVIEFACTORY"."COLL" MODIFY ("COLL_NAME" NOT NULL ENABLE);
  ALTER TABLE "MOVIEFACTORY"."COLL" MODIFY ("COLL_NO" NOT NULL ENABLE);
--------------------------------------------------------
--  Constraints for Table NOTICE
--------------------------------------------------------

  ALTER TABLE "MOVIEFACTORY"."NOTICE" ADD CONSTRAINT "PK_NOTICE" PRIMARY KEY ("NOTICE_NO")
  USING INDEX PCTFREE 10 INITRANS 2 MAXTRANS 255 COMPUTE STATISTICS 
  STORAGE(INITIAL 65536 NEXT 1048576 MINEXTENTS 1 MAXEXTENTS 2147483645
  PCTINCREASE 0 FREELISTS 1 FREELIST GROUPS 1 BUFFER_POOL DEFAULT FLASH_CACHE DEFAULT CELL_FLASH_CACHE DEFAULT)
  TABLESPACE "SYSTEM"  ENABLE;
  ALTER TABLE "MOVIEFACTORY"."NOTICE" MODIFY ("NOTICE_NO" NOT NULL ENABLE);
--------------------------------------------------------
--  Constraints for Table M_REV_REP
--------------------------------------------------------

  ALTER TABLE "MOVIEFACTORY"."M_REV_REP" ADD CONSTRAINT "PK_M_REV_REP" PRIMARY KEY ("USERNAME", "M_REV_NO")
  USING INDEX PCTFREE 10 INITRANS 2 MAXTRANS 255 COMPUTE STATISTICS 
  STORAGE(INITIAL 65536 NEXT 1048576 MINEXTENTS 1 MAXEXTENTS 2147483645
  PCTINCREASE 0 FREELISTS 1 FREELIST GROUPS 1 BUFFER_POOL DEFAULT FLASH_CACHE DEFAULT CELL_FLASH_CACHE DEFAULT)
  TABLESPACE "SYSTEM"  ENABLE;
  ALTER TABLE "MOVIEFACTORY"."M_REV_REP" MODIFY ("M_REP_CATE" NOT NULL ENABLE);
  ALTER TABLE "MOVIEFACTORY"."M_REV_REP" MODIFY ("WRITING_DATE" NOT NULL ENABLE);
  ALTER TABLE "MOVIEFACTORY"."M_REV_REP" MODIFY ("CONTENT" NOT NULL ENABLE);
  ALTER TABLE "MOVIEFACTORY"."M_REV_REP" MODIFY ("TITLE" NOT NULL ENABLE);
  ALTER TABLE "MOVIEFACTORY"."M_REV_REP" MODIFY ("M_REV_NO" NOT NULL ENABLE);
  ALTER TABLE "MOVIEFACTORY"."M_REV_REP" MODIFY ("USERNAME" NOT NULL ENABLE);
--------------------------------------------------------
--  Constraints for Table M_REP_CATE
--------------------------------------------------------

  ALTER TABLE "MOVIEFACTORY"."M_REP_CATE" ADD CONSTRAINT "PK_M_REP_CATE" PRIMARY KEY ("M_REP_CATE")
  USING INDEX PCTFREE 10 INITRANS 2 MAXTRANS 255 COMPUTE STATISTICS 
  STORAGE(INITIAL 65536 NEXT 1048576 MINEXTENTS 1 MAXEXTENTS 2147483645
  PCTINCREASE 0 FREELISTS 1 FREELIST GROUPS 1 BUFFER_POOL DEFAULT FLASH_CACHE DEFAULT CELL_FLASH_CACHE DEFAULT)
  TABLESPACE "SYSTEM"  ENABLE;
  ALTER TABLE "MOVIEFACTORY"."M_REP_CATE" MODIFY ("M_REP_CATE" NOT NULL ENABLE);
--------------------------------------------------------
--  Constraints for Table FAV_M_DETAIL
--------------------------------------------------------

  ALTER TABLE "MOVIEFACTORY"."FAV_M_DETAIL" ADD CONSTRAINT "PK_FAV_M_DETAIL" PRIMARY KEY ("M_NO", "M_LIKE_NO")
  USING INDEX PCTFREE 10 INITRANS 2 MAXTRANS 255 COMPUTE STATISTICS 
  STORAGE(INITIAL 65536 NEXT 1048576 MINEXTENTS 1 MAXEXTENTS 2147483645
  PCTINCREASE 0 FREELISTS 1 FREELIST GROUPS 1 BUFFER_POOL DEFAULT FLASH_CACHE DEFAULT CELL_FLASH_CACHE DEFAULT)
  TABLESPACE "SYSTEM"  ENABLE;
  ALTER TABLE "MOVIEFACTORY"."FAV_M_DETAIL" MODIFY ("WRITING_DATE" NOT NULL ENABLE);
  ALTER TABLE "MOVIEFACTORY"."FAV_M_DETAIL" MODIFY ("M_LIKE_NO" NOT NULL ENABLE);
  ALTER TABLE "MOVIEFACTORY"."FAV_M_DETAIL" MODIFY ("M_NO" NOT NULL ENABLE);
--------------------------------------------------------
--  Constraints for Table M_REV_LIKE
--------------------------------------------------------

  ALTER TABLE "MOVIEFACTORY"."M_REV_LIKE" ADD CONSTRAINT "M_REV_LIKE_PK" PRIMARY KEY ("M_REV_NO", "USERNAME")
  USING INDEX PCTFREE 10 INITRANS 2 MAXTRANS 255 COMPUTE STATISTICS 
  STORAGE(INITIAL 65536 NEXT 1048576 MINEXTENTS 1 MAXEXTENTS 2147483645
  PCTINCREASE 0 FREELISTS 1 FREELIST GROUPS 1 BUFFER_POOL DEFAULT FLASH_CACHE DEFAULT CELL_FLASH_CACHE DEFAULT)
  TABLESPACE "SYSTEM"  ENABLE;
  ALTER TABLE "MOVIEFACTORY"."M_REV_LIKE" MODIFY ("LIKE_REG_DATE" NOT NULL ENABLE);
  ALTER TABLE "MOVIEFACTORY"."M_REV_LIKE" MODIFY ("USERNAME" NOT NULL ENABLE);
  ALTER TABLE "MOVIEFACTORY"."M_REV_LIKE" MODIFY ("M_REV_NO" NOT NULL ENABLE);
--------------------------------------------------------
--  Constraints for Table M_REV
--------------------------------------------------------

  ALTER TABLE "MOVIEFACTORY"."M_REV" ADD CONSTRAINT "PK_M_REV" PRIMARY KEY ("M_REV_NO")
  USING INDEX PCTFREE 10 INITRANS 2 MAXTRANS 255 COMPUTE STATISTICS 
  STORAGE(INITIAL 65536 NEXT 1048576 MINEXTENTS 1 MAXEXTENTS 2147483645
  PCTINCREASE 0 FREELISTS 1 FREELIST GROUPS 1 BUFFER_POOL DEFAULT FLASH_CACHE DEFAULT CELL_FLASH_CACHE DEFAULT)
  TABLESPACE "SYSTEM"  ENABLE;
  ALTER TABLE "MOVIEFACTORY"."M_REV" MODIFY ("IS_BLIND" NOT NULL ENABLE);
  ALTER TABLE "MOVIEFACTORY"."M_REV" MODIFY ("GENRE" NOT NULL ENABLE);
  ALTER TABLE "MOVIEFACTORY"."M_REV" MODIFY ("WRITING_DATE" NOT NULL ENABLE);
  ALTER TABLE "MOVIEFACTORY"."M_REV" MODIFY ("IS_SPO" NOT NULL ENABLE);
  ALTER TABLE "MOVIEFACTORY"."M_REV" MODIFY ("M_REV_CONTENT" NOT NULL ENABLE);
  ALTER TABLE "MOVIEFACTORY"."M_REV" MODIFY ("RATING" NOT NULL ENABLE);
  ALTER TABLE "MOVIEFACTORY"."M_REV" MODIFY ("M_NO" NOT NULL ENABLE);
  ALTER TABLE "MOVIEFACTORY"."M_REV" MODIFY ("USERNAME" NOT NULL ENABLE);
  ALTER TABLE "MOVIEFACTORY"."M_REV" MODIFY ("M_REV_NO" NOT NULL ENABLE);
--------------------------------------------------------
--  Constraints for Table ADDRBOOK
--------------------------------------------------------

  ALTER TABLE "MOVIEFACTORY"."ADDRBOOK" ADD CONSTRAINT "PK_ADDRBOOK" PRIMARY KEY ("ADDRBOOK_NO")
  USING INDEX PCTFREE 10 INITRANS 2 MAXTRANS 255 COMPUTE STATISTICS 
  STORAGE(INITIAL 65536 NEXT 1048576 MINEXTENTS 1 MAXEXTENTS 2147483645
  PCTINCREASE 0 FREELISTS 1 FREELIST GROUPS 1 BUFFER_POOL DEFAULT FLASH_CACHE DEFAULT CELL_FLASH_CACHE DEFAULT)
  TABLESPACE "SYSTEM"  ENABLE;
  ALTER TABLE "MOVIEFACTORY"."ADDRBOOK" MODIFY ("ADDR_NAME" NOT NULL ENABLE);
  ALTER TABLE "MOVIEFACTORY"."ADDRBOOK" MODIFY ("IS_BASE_ADDR" NOT NULL ENABLE);
  ALTER TABLE "MOVIEFACTORY"."ADDRBOOK" MODIFY ("TEL" NOT NULL ENABLE);
  ALTER TABLE "MOVIEFACTORY"."ADDRBOOK" MODIFY ("ZIP_CODE" NOT NULL ENABLE);
  ALTER TABLE "MOVIEFACTORY"."ADDRBOOK" MODIFY ("NAME" NOT NULL ENABLE);
  ALTER TABLE "MOVIEFACTORY"."ADDRBOOK" MODIFY ("ADDR" NOT NULL ENABLE);
  ALTER TABLE "MOVIEFACTORY"."ADDRBOOK" MODIFY ("USERNAME" NOT NULL ENABLE);
  ALTER TABLE "MOVIEFACTORY"."ADDRBOOK" MODIFY ("ADDRBOOK_NO" NOT NULL ENABLE);
--------------------------------------------------------
--  Constraints for Table M_CMNT
--------------------------------------------------------

  ALTER TABLE "MOVIEFACTORY"."M_CMNT" ADD CONSTRAINT "PK_M_CMNT" PRIMARY KEY ("M_REV_CMNT_NO")
  USING INDEX PCTFREE 10 INITRANS 2 MAXTRANS 255 COMPUTE STATISTICS 
  STORAGE(INITIAL 65536 NEXT 1048576 MINEXTENTS 1 MAXEXTENTS 2147483645
  PCTINCREASE 0 FREELISTS 1 FREELIST GROUPS 1 BUFFER_POOL DEFAULT FLASH_CACHE DEFAULT CELL_FLASH_CACHE DEFAULT)
  TABLESPACE "SYSTEM"  ENABLE;
  ALTER TABLE "MOVIEFACTORY"."M_CMNT" MODIFY ("WRITING_DATE" NOT NULL ENABLE);
  ALTER TABLE "MOVIEFACTORY"."M_CMNT" MODIFY ("IS_BLIND" NOT NULL ENABLE);
  ALTER TABLE "MOVIEFACTORY"."M_CMNT" MODIFY ("CONTENT" NOT NULL ENABLE);
  ALTER TABLE "MOVIEFACTORY"."M_CMNT" MODIFY ("USERNAME" NOT NULL ENABLE);
  ALTER TABLE "MOVIEFACTORY"."M_CMNT" MODIFY ("M_REV_NO" NOT NULL ENABLE);
  ALTER TABLE "MOVIEFACTORY"."M_CMNT" MODIFY ("M_REV_CMNT_NO" NOT NULL ENABLE);
--------------------------------------------------------
--  Constraints for Table COLL_DETAIL
--------------------------------------------------------

  ALTER TABLE "MOVIEFACTORY"."COLL_DETAIL" ADD CONSTRAINT "PK_COLL_DETAILL" PRIMARY KEY ("M_NO", "COLL_NO")
  USING INDEX PCTFREE 10 INITRANS 2 MAXTRANS 255 COMPUTE STATISTICS 
  STORAGE(INITIAL 65536 NEXT 1048576 MINEXTENTS 1 MAXEXTENTS 2147483645
  PCTINCREASE 0 FREELISTS 1 FREELIST GROUPS 1 BUFFER_POOL DEFAULT FLASH_CACHE DEFAULT CELL_FLASH_CACHE DEFAULT)
  TABLESPACE "SYSTEM"  ENABLE;
  ALTER TABLE "MOVIEFACTORY"."COLL_DETAIL" MODIFY ("REG_DATE" NOT NULL ENABLE);
  ALTER TABLE "MOVIEFACTORY"."COLL_DETAIL" MODIFY ("COLL_NO" NOT NULL ENABLE);
  ALTER TABLE "MOVIEFACTORY"."COLL_DETAIL" MODIFY ("M_NO" NOT NULL ENABLE);
--------------------------------------------------------
--  Constraints for Table COLL_LIKE
--------------------------------------------------------

  ALTER TABLE "MOVIEFACTORY"."COLL_LIKE" ADD CONSTRAINT "PK_COLL_LIKE" PRIMARY KEY ("COLL_LIKE_NO")
  USING INDEX PCTFREE 10 INITRANS 2 MAXTRANS 255 COMPUTE STATISTICS 
  STORAGE(INITIAL 65536 NEXT 1048576 MINEXTENTS 1 MAXEXTENTS 2147483645
  PCTINCREASE 0 FREELISTS 1 FREELIST GROUPS 1 BUFFER_POOL DEFAULT FLASH_CACHE DEFAULT CELL_FLASH_CACHE DEFAULT)
  TABLESPACE "SYSTEM"  ENABLE;
  ALTER TABLE "MOVIEFACTORY"."COLL_LIKE" MODIFY ("LIKE_REG_DATE" NOT NULL ENABLE);
  ALTER TABLE "MOVIEFACTORY"."COLL_LIKE" MODIFY ("USERNAME" NOT NULL ENABLE);
  ALTER TABLE "MOVIEFACTORY"."COLL_LIKE" MODIFY ("COLL_NO" NOT NULL ENABLE);
  ALTER TABLE "MOVIEFACTORY"."COLL_LIKE" MODIFY ("COLL_LIKE_NO" NOT NULL ENABLE);
--------------------------------------------------------
--  Constraints for Table FOLLOW
--------------------------------------------------------

  ALTER TABLE "MOVIEFACTORY"."FOLLOW" ADD CONSTRAINT "PK_FOLLOW" PRIMARY KEY ("FOLLOWER_USERNAME", "FOLLOWING_USERNAME")
  USING INDEX PCTFREE 10 INITRANS 2 MAXTRANS 255 COMPUTE STATISTICS 
  STORAGE(INITIAL 65536 NEXT 1048576 MINEXTENTS 1 MAXEXTENTS 2147483645
  PCTINCREASE 0 FREELISTS 1 FREELIST GROUPS 1 BUFFER_POOL DEFAULT FLASH_CACHE DEFAULT CELL_FLASH_CACHE DEFAULT)
  TABLESPACE "SYSTEM"  ENABLE;
  ALTER TABLE "MOVIEFACTORY"."FOLLOW" MODIFY ("FOLLOWING_USERNAME" NOT NULL ENABLE);
  ALTER TABLE "MOVIEFACTORY"."FOLLOW" MODIFY ("FOLLOWER_USERNAME" NOT NULL ENABLE);
--------------------------------------------------------
--  Constraints for Table MEMBER
--------------------------------------------------------

  ALTER TABLE "MOVIEFACTORY"."MEMBER" ADD CONSTRAINT "PK_MEMBER" PRIMARY KEY ("USERNAME")
  USING INDEX PCTFREE 10 INITRANS 2 MAXTRANS 255 COMPUTE STATISTICS 
  STORAGE(INITIAL 65536 NEXT 1048576 MINEXTENTS 1 MAXEXTENTS 2147483645
  PCTINCREASE 0 FREELISTS 1 FREELIST GROUPS 1 BUFFER_POOL DEFAULT FLASH_CACHE DEFAULT CELL_FLASH_CACHE DEFAULT)
  TABLESPACE "SYSTEM"  ENABLE;
  ALTER TABLE "MOVIEFACTORY"."MEMBER" MODIFY ("IS_RESIGN" NOT NULL ENABLE);
  ALTER TABLE "MOVIEFACTORY"."MEMBER" MODIFY ("REG_DATE" NOT NULL ENABLE);
  ALTER TABLE "MOVIEFACTORY"."MEMBER" MODIFY ("ENABLED" NOT NULL ENABLE);
  ALTER TABLE "MOVIEFACTORY"."MEMBER" MODIFY ("GENDER" NOT NULL ENABLE);
  ALTER TABLE "MOVIEFACTORY"."MEMBER" MODIFY ("BIRTH" NOT NULL ENABLE);
  ALTER TABLE "MOVIEFACTORY"."MEMBER" MODIFY ("TEL" NOT NULL ENABLE);
  ALTER TABLE "MOVIEFACTORY"."MEMBER" MODIFY ("ZIP_CODE" NOT NULL ENABLE);
  ALTER TABLE "MOVIEFACTORY"."MEMBER" MODIFY ("BASE_ADDR" NOT NULL ENABLE);
  ALTER TABLE "MOVIEFACTORY"."MEMBER" MODIFY ("EMAIL" NOT NULL ENABLE);
  ALTER TABLE "MOVIEFACTORY"."MEMBER" MODIFY ("NICK" NOT NULL ENABLE);
  ALTER TABLE "MOVIEFACTORY"."MEMBER" MODIFY ("NAME" NOT NULL ENABLE);
  ALTER TABLE "MOVIEFACTORY"."MEMBER" MODIFY ("PASSWORD" NOT NULL ENABLE);
  ALTER TABLE "MOVIEFACTORY"."MEMBER" MODIFY ("USERNAME" NOT NULL ENABLE);
--------------------------------------------------------
--  Constraints for Table AUTHORITIES
--------------------------------------------------------

  ALTER TABLE "MOVIEFACTORY"."AUTHORITIES" ADD CONSTRAINT "PK_AUTHORITIES" PRIMARY KEY ("USERNAME", "AUTHORITY")
  USING INDEX PCTFREE 10 INITRANS 2 MAXTRANS 255 COMPUTE STATISTICS 
  STORAGE(INITIAL 65536 NEXT 1048576 MINEXTENTS 1 MAXEXTENTS 2147483645
  PCTINCREASE 0 FREELISTS 1 FREELIST GROUPS 1 BUFFER_POOL DEFAULT FLASH_CACHE DEFAULT CELL_FLASH_CACHE DEFAULT)
  TABLESPACE "SYSTEM"  ENABLE;
  ALTER TABLE "MOVIEFACTORY"."AUTHORITIES" MODIFY ("AUTHORITY" NOT NULL ENABLE);
  ALTER TABLE "MOVIEFACTORY"."AUTHORITIES" MODIFY ("USERNAME" NOT NULL ENABLE);
--------------------------------------------------------
--  Ref Constraints for Table ADMINASK
--------------------------------------------------------

  ALTER TABLE "MOVIEFACTORY"."ADMINASK" ADD CONSTRAINT "FK_ADMINASKSTATE_TO_ADMINASK" FOREIGN KEY ("ASK_STATE_CONTENT")
	  REFERENCES "MOVIEFACTORY"."ADMINASKSTATE" ("ASK_STATE_CONTENT") ENABLE;
--------------------------------------------------------
--  Ref Constraints for Table COLL_DETAIL
--------------------------------------------------------

  ALTER TABLE "MOVIEFACTORY"."COLL_DETAIL" ADD CONSTRAINT "FK_COLL_TO_COLL_DETAILL" FOREIGN KEY ("COLL_NO")
	  REFERENCES "MOVIEFACTORY"."COLL" ("COLL_NO") ON DELETE CASCADE ENABLE;
--------------------------------------------------------
--  Ref Constraints for Table COLL_LIKE
--------------------------------------------------------

  ALTER TABLE "MOVIEFACTORY"."COLL_LIKE" ADD CONSTRAINT "FK_COLL_TO_COLL_LIKE" FOREIGN KEY ("COLL_NO")
	  REFERENCES "MOVIEFACTORY"."COLL" ("COLL_NO") ON DELETE CASCADE ENABLE;
--------------------------------------------------------
--  Ref Constraints for Table FAV_M_DETAIL
--------------------------------------------------------

  ALTER TABLE "MOVIEFACTORY"."FAV_M_DETAIL" ADD CONSTRAINT "FK_FAV_M_TO_FAV_M_DETAIL" FOREIGN KEY ("M_LIKE_NO")
	  REFERENCES "MOVIEFACTORY"."FAV_M" ("M_NO") ENABLE;
--------------------------------------------------------
--  Ref Constraints for Table M_CMNT
--------------------------------------------------------

  ALTER TABLE "MOVIEFACTORY"."M_CMNT" ADD CONSTRAINT "FK_M_REV_TO_M_CMNT" FOREIGN KEY ("M_REV_NO")
	  REFERENCES "MOVIEFACTORY"."M_REV" ("M_REV_NO") ENABLE;
--------------------------------------------------------
--  Ref Constraints for Table M_CMNT_LIKE
--------------------------------------------------------

  ALTER TABLE "MOVIEFACTORY"."M_CMNT_LIKE" ADD CONSTRAINT "FK_M_CMNT_TO_M_CMNT_LIKE" FOREIGN KEY ("M_REV_CMNT_NO")
	  REFERENCES "MOVIEFACTORY"."M_CMNT" ("M_REV_CMNT_NO") ENABLE;
--------------------------------------------------------
--  Ref Constraints for Table M_CMNT_REP
--------------------------------------------------------

  ALTER TABLE "MOVIEFACTORY"."M_CMNT_REP" ADD CONSTRAINT "FK_M_CMNT_TO_M_CMNT_REP" FOREIGN KEY ("M_REV_CMNT_NO")
	  REFERENCES "MOVIEFACTORY"."M_CMNT" ("M_REV_CMNT_NO") ENABLE;
  ALTER TABLE "MOVIEFACTORY"."M_CMNT_REP" ADD CONSTRAINT "FK_M_REP_CATE_TO_M_CMNT_REP" FOREIGN KEY ("M_REP_CATE")
	  REFERENCES "MOVIEFACTORY"."M_REP_CATE" ("M_REP_CATE") ENABLE;
--------------------------------------------------------
--  Ref Constraints for Table M_REV_LIKE
--------------------------------------------------------

  ALTER TABLE "MOVIEFACTORY"."M_REV_LIKE" ADD CONSTRAINT "FK_M_REV_TO_M_REV_LIKE" FOREIGN KEY ("M_REV_NO")
	  REFERENCES "MOVIEFACTORY"."M_REV" ("M_REV_NO") ENABLE;
--------------------------------------------------------
--  Ref Constraints for Table M_REV_REP
--------------------------------------------------------

  ALTER TABLE "MOVIEFACTORY"."M_REV_REP" ADD CONSTRAINT "FK_M_REP_CATE_TO_M_REV_REP" FOREIGN KEY ("M_REP_CATE")
	  REFERENCES "MOVIEFACTORY"."M_REP_CATE" ("M_REP_CATE") ENABLE;
  ALTER TABLE "MOVIEFACTORY"."M_REV_REP" ADD CONSTRAINT "FK_M_REV_TO_M_REV_REP" FOREIGN KEY ("M_REV_NO")
	  REFERENCES "MOVIEFACTORY"."M_REV" ("M_REV_NO") ENABLE;
